{
  "display": {
    "icon": {
      "item": "minecraft:barrier"
    },
    "title": {
      "translate": ""
    },
    "description": {
      "translate": ""
    },
    "frame": "task",
    "show_toast": false,
    "announce_to_chat": false,
    "hidden": true
  },
  "criteria": {
    "changed_the_nether": {
      "trigger": "minecraft:changed_dimension",
      "conditions": {
        "from": "overworld",
        "to": "the_nether"
      }
    },
    "changed_the_end": {
      "trigger": "minecraft:changed_dimension",
      "conditions": {
        "from": "overworld",
        "to": "the_end"
      }
    }
  },
  "requirements": [
    [
      "changed_the_nether",
      "changed_the_end"
    ]
  ],
  "rewards": {
      "function": "newbingo:other/tptopoint0"
  }
}
