{
  "display": {
    "icon": {
      "item": "minecraft:red_bed"
    },
    "title": {
      "translate": ""
    },
    "description": {
      "translate": ""
    },
    "frame": "task",
    "show_toast": false,
    "announce_to_chat": false,
    "hidden": true
  },
  "criteria": {
    "slept_in_bed": {
      "trigger": "minecraft:slept_in_bed",
      "conditions": {}
    }
  },
  "requirements": [
    [
      "slept_in_bed"
    ]
  ],
  "rewards": {
      "function": "newbingo:other/sleep"
  }
}