{
  "display": {
    "icon": {
      "item": "minecraft:barrier"
    },
    "title": {
      "translate": ""
    },
    "description": {
      "translate": ""
    },
    "frame": "task",
    "show_toast": false,
    "announce_to_chat": false,
    "hidden": true
  },
  "criteria": {
    "1": {
      "trigger": "minecraft:inventory_changed",
      "conditions": {
        "items": [
          {
            "item": "minecraft:cobblestone_wall"
          }
        ]
      }
    },
    "2": {
      "trigger": "minecraft:inventory_changed",
      "conditions": {
        "items": [
          {
            "item": "minecraft:andesite_wall"
          }
        ]
      }
    },
    "3": {
      "trigger": "minecraft:inventory_changed",
      "conditions": {
        "items": [
          {
            "item": "minecraft:granite_wall"
          }
        ]
      }
    },
    "4": {
      "trigger": "minecraft:inventory_changed",
      "conditions": {
        "items": [
          {
            "item": "minecraft:diorite_wall"
          }
        ]
      }
    },
    "5": {
      "trigger": "minecraft:inventory_changed",
      "conditions": {
        "items": [
          {
            "item": "minecraft:feather"
          }
        ]
      }
    },
    "6": {
      "trigger": "minecraft:inventory_changed",
      "conditions": {
        "items": [
          {
            "item": "minecraft:gunpowder"
          }
        ]
      }
    },
    "7": {
      "trigger": "minecraft:inventory_changed",
      "conditions": {
        "items": [
          {
            "item": "minecraft:leather"
          }
        ]
      }
    },
    "8": {
      "trigger": "minecraft:inventory_changed",
      "conditions": {
        "items": [
          {
            "item": "minecraft:ink_sac"
          }
        ]
      }
    },
    "9": {
      "trigger": "minecraft:inventory_changed",
      "conditions": {
        "items": [
          {
            "item": "minecraft:bone"
          }
        ]
      }
    },
    "10": {
      "trigger": "minecraft:inventory_changed",
      "conditions": {
        "items": [
          {
            "item": "minecraft:porkchop"
          }
        ]
      }
    },
    "11": {
      "trigger": "minecraft:inventory_changed",
      "conditions": {
        "items": [
          {
            "item": "minecraft:beef"
          }
        ]
      }
    },
    "12": {
      "trigger": "minecraft:inventory_changed",
      "conditions": {
        "items": [
          {
            "item": "minecraft:mutton"
          }
        ]
      }
    },
    "13": {
      "trigger": "minecraft:inventory_changed",
      "conditions": {
        "items": [
          {
            "item": "minecraft:chicken"
          }
        ]
      }
    },
    "14": {
      "trigger": "minecraft:inventory_changed",
      "conditions": {
        "items": [
          {
            "item": "minecraft:rotten_flesh"
          }
        ]
      }
    },
    "15": {
      "trigger": "minecraft:inventory_changed",
      "conditions": {
        "items": [
          {
            "item": "minecraft:spider_eye"
          }
        ]
      }
    },
    "16": {
      "trigger": "minecraft:inventory_changed",
      "conditions": {
        "items": [
          {
            "item": "minecraft:stick"
          }
        ]
      }
    },
    "17": {
      "trigger": "minecraft:inventory_changed",
      "conditions": {
        "items": [
          {
            "item": "minecraft:wheat_seeds"
          }
        ]
      }
    },
    "18": {
      "trigger": "minecraft:inventory_changed",
      "conditions": {
        "items": [
          {
            "item": "minecraft:flint"
          }
        ]
      }
    },
    "19": {
      "trigger": "minecraft:inventory_changed",
      "conditions": {
        "items": [
          {
            "item": "minecraft:clay_ball"
          }
        ]
      }
    },
    "20": {
      "trigger": "minecraft:inventory_changed",
      "conditions": {
        "items": [
          {
            "item": "minecraft:cactus"
          }
        ]
      }
    },
    "21": {
      "trigger": "minecraft:inventory_changed",
      "conditions": {
        "items": [
          {
            "item": "minecraft:red_tulip"
          }
        ]
      }
    },
    "22": {
      "trigger": "minecraft:inventory_changed",
      "conditions": {
        "items": [
          {
            "item": "minecraft:orange_tulip"
          }
        ]
      }
    },
    "23": {
      "trigger": "minecraft:inventory_changed",
      "conditions": {
        "items": [
          {
            "item": "minecraft:white_tulip"
          }
        ]
      }
    },
    "24": {
      "trigger": "minecraft:inventory_changed",
      "conditions": {
        "items": [
          {
            "item": "minecraft:pink_tulip"
          }
        ]
      }
    },
    "25": {
      "trigger": "minecraft:inventory_changed",
      "conditions": {
        "items": [
          {
            "item": "minecraft:dandelion"
          }
        ]
      }
    },
    "26": {
      "trigger": "minecraft:inventory_changed",
      "conditions": {
        "items": [
          {
            "item": "minecraft:cornflower"
          }
        ]
      }
    },
    "27": {
      "trigger": "minecraft:inventory_changed",
      "conditions": {
        "items": [
          {
            "item": "minecraft:oxeye_daisy"
          }
        ]
      }
    },
    "28": {
      "trigger": "minecraft:inventory_changed",
      "conditions": {
        "items": [
          {
            "item": "minecraft:azure_bluet"
          }
        ]
      }
    },
    "29": {
      "trigger": "minecraft:inventory_changed",
      "conditions": {
        "items": [
          {
            "item": "minecraft:poppy"
          }
        ]
      }
    },
    "30": {
      "trigger": "minecraft:inventory_changed",
      "conditions": {
        "items": [
          {
            "item": "minecraft:oak_sapling"
          }
        ]
      }
    },
    "31": {
      "trigger": "minecraft:inventory_changed",
      "conditions": {
        "items": [
          {
            "item": "minecraft:spruce_sapling"
          }
        ]
      }
    },
    "32": {
      "trigger": "minecraft:inventory_changed",
      "conditions": {
        "items": [
          {
            "item": "minecraft:birch_sapling"
          }
        ]
      }
    },
    "33": {
      "trigger": "minecraft:inventory_changed",
      "conditions": {
        "items": [
          {
            "item": "minecraft:bone_meal"
          }
        ]
      }
    },
    "34": {
      "trigger": "minecraft:inventory_changed",
      "conditions": {
        "items": [
          {
            "item": "minecraft:sugar"
          }
        ]
      }
    },
    "35": {
      "trigger": "minecraft:inventory_changed",
      "conditions": {
        "items": [
          {
            "item": "minecraft:red_dye"
          }
        ]
      }
    },
    "36": {
      "trigger": "minecraft:inventory_changed",
      "conditions": {
        "items": [
          {
            "item": "minecraft:yellow_dye"
          }
        ]
      }
    },
    "37": {
      "trigger": "minecraft:inventory_changed",
      "conditions": {
        "items": [
          {
            "item": "minecraft:blue_dye"
          }
        ]
      }
    },
    "38": {
      "trigger": "minecraft:inventory_changed",
      "conditions": {
        "items": [
          {
            "item": "minecraft:white_dye"
          }
        ]
      }
    },
    "39": {
      "trigger": "minecraft:inventory_changed",
      "conditions": {
        "items": [
          {
            "item": "minecraft:black_dye"
          }
        ]
      }
    },
    "40": {
      "trigger": "minecraft:inventory_changed",
      "conditions": {
        "items": [
          {
            "item": "minecraft:light_gray_dye"
          }
        ]
      }
    },
    "41": {
      "trigger": "minecraft:inventory_changed",
      "conditions": {
        "items": [
          {
            "item": "minecraft:pink_dye"
          }
        ]
      }
    },
    "42": {
      "trigger": "minecraft:inventory_changed",
      "conditions": {
        "items": [
          {
            "item": "minecraft:oak_button"
          }
        ]
      }
    },
    "43": {
      "trigger": "minecraft:inventory_changed",
      "conditions": {
        "items": [
          {
            "item": "minecraft:spruce_button"
          }
        ]
      }
    },
    "44": {
      "trigger": "minecraft:inventory_changed",
      "conditions": {
        "items": [
          {
            "item": "minecraft:birch_button"
          }
        ]
      }
    },
    "45": {
      "trigger": "minecraft:inventory_changed",
      "conditions": {
        "items": [
          {
            "item": "minecraft:bowl"
          }
        ]
      }
    },
    "46": {
      "trigger": "minecraft:inventory_changed",
      "conditions": {
        "items": [
          {
            "item": "minecraft:lever"
          }
        ]
      }
    },
    "47": {
      "trigger": "minecraft:inventory_changed",
      "conditions": {
        "items": [
          {
            "item": "minecraft:ladder"
          }
        ]
      }
    },
    "48": {
      "trigger": "minecraft:inventory_changed",
      "conditions": {
        "items": [
          {
            "item": "minecraft:painting"
          }
        ]
      }
    },
    "49": {
      "trigger": "minecraft:inventory_changed",
      "conditions": {
        "items": [
          {
            "item": "minecraft:item_frame"
          }
        ]
      }
    },
    "50": {
      "trigger": "minecraft:inventory_changed",
      "conditions": {
        "items": [
          {
            "item": "minecraft:crafting_table"
          }
        ]
      }
    },
    "51": {
      "trigger": "minecraft:inventory_changed",
      "conditions": {
        "items": [
          {
            "item": "minecraft:composter"
          }
        ]
      }
    },
    "52": {
      "trigger": "minecraft:inventory_changed",
      "conditions": {
        "items": [
          {
            "item": "minecraft:fletching_table"
          }
        ]
      }
    },
    "53": {
      "trigger": "minecraft:inventory_changed",
      "conditions": {
        "items": [
          {
            "item": "minecraft:chest"
          }
        ]
      }
    },
    "54": {
      "trigger": "minecraft:inventory_changed",
      "conditions": {
        "items": [
          {
            "item": "minecraft:barrel"
          }
        ]
      }
    },
    "55": {
      "trigger": "minecraft:inventory_changed",
      "conditions": {
        "items": [
          {
            "item": "minecraft:wooden_pickaxe"
          }
        ]
      }
    },
    "56": {
      "trigger": "minecraft:inventory_changed",
      "conditions": {
        "items": [
          {
            "item": "minecraft:wooden_hoe"
          }
        ]
      }
    },
    "57": {
      "trigger": "minecraft:inventory_changed",
      "conditions": {
        "items": [
          {
            "item": "minecraft:wooden_axe"
          }
        ]
      }
    },
    "58": {
      "trigger": "minecraft:inventory_changed",
      "conditions": {
        "items": [
          {
            "item": "minecraft:wooden_shovel"
          }
        ]
      }
    },
    "59": {
      "trigger": "minecraft:inventory_changed",
      "conditions": {
        "items": [
          {
            "item": "minecraft:wooden_sword"
          }
        ]
      }
    },
    "60": {
      "trigger": "minecraft:inventory_changed",
      "conditions": {
        "items": [
          {
            "item": "minecraft:oak_boat"
          }
        ]
      }
    },
    "61": {
      "trigger": "minecraft:inventory_changed",
      "conditions": {
        "items": [
          {
            "item": "minecraft:spruce_boat"
          }
        ]
      }
    },
    "62": {
      "trigger": "minecraft:inventory_changed",
      "conditions": {
        "items": [
          {
            "item": "minecraft:birch_boat"
          }
        ]
      }
    },
    "63": {
      "trigger": "minecraft:inventory_changed",
      "conditions": {
        "items": [
          {
            "item": "minecraft:oak_door"
          }
        ]
      }
    },
    "64": {
      "trigger": "minecraft:inventory_changed",
      "conditions": {
        "items": [
          {
            "item": "minecraft:spruce_door"
          }
        ]
      }
    },
    "65": {
      "trigger": "minecraft:inventory_changed",
      "conditions": {
        "items": [
          {
            "item": "minecraft:birch_door"
          }
        ]
      }
    },
    "66": {
      "trigger": "minecraft:inventory_changed",
      "conditions": {
        "items": [
          {
            "item": "minecraft:oak_fence"
          }
        ]
      }
    },
    "67": {
      "trigger": "minecraft:inventory_changed",
      "conditions": {
        "items": [
          {
            "item": "minecraft:spruce_fence"
          }
        ]
      }
    },
    "68": {
      "trigger": "minecraft:inventory_changed",
      "conditions": {
        "items": [
          {
            "item": "minecraft:birch_fence"
          }
        ]
      }
    },
    "69": {
      "trigger": "minecraft:inventory_changed",
      "conditions": {
        "items": [
          {
            "item": "minecraft:oak_fence_gate"
          }
        ]
      }
    },
    "70": {
      "trigger": "minecraft:inventory_changed",
      "conditions": {
        "items": [
          {
            "item": "minecraft:spruce_fence_gate"
          }
        ]
      }
    },
    "71": {
      "trigger": "minecraft:inventory_changed",
      "conditions": {
        "items": [
          {
            "item": "minecraft:birch_fence_gate"
          }
        ]
      }
    },
    "72": {
      "trigger": "minecraft:inventory_changed",
      "conditions": {
        "items": [
          {
            "item": "minecraft:oak_pressure_plate"
          }
        ]
      }
    },
    "73": {
      "trigger": "minecraft:inventory_changed",
      "conditions": {
        "items": [
          {
            "item": "minecraft:spruce_pressure_plate"
          }
        ]
      }
    },
    "74": {
      "trigger": "minecraft:inventory_changed",
      "conditions": {
        "items": [
          {
            "item": "minecraft:birch_pressure_plate"
          }
        ]
      }
    },
    "75": {
      "trigger": "minecraft:inventory_changed",
      "conditions": {
        "items": [
          {
            "item": "minecraft:oak_trapdoor"
          }
        ]
      }
    },
    "76": {
      "trigger": "minecraft:inventory_changed",
      "conditions": {
        "items": [
          {
            "item": "minecraft:spruce_trapdoor"
          }
        ]
      }
    },
    "77": {
      "trigger": "minecraft:inventory_changed",
      "conditions": {
        "items": [
          {
            "item": "minecraft:birch_trapdoor"
          }
        ]
      }
    },
    "78": {
      "trigger": "minecraft:inventory_changed",
      "conditions": {
        "items": [
          {
            "item": "minecraft:oak_sign"
          }
        ]
      }
    },
    "79": {
      "trigger": "minecraft:inventory_changed",
      "conditions": {
        "items": [
          {
            "item": "minecraft:spruce_sign"
          }
        ]
      }
    },
    "80": {
      "trigger": "minecraft:inventory_changed",
      "conditions": {
        "items": [
          {
            "item": "minecraft:birch_sign"
          }
        ]
      }
    },
    "81": {
      "trigger": "minecraft:inventory_changed",
      "conditions": {
        "items": [
          {
            "item": "minecraft:firework_star"
          }
        ]
      }
    }
  },
  "requirements": [
    [
      "1",
      "2",
      "3",
      "4",
      "5",
      "6",
      "7",
      "8",
      "9",
      "10",
      "11",
      "12",
      "13",
      "14",
      "15",
      "16",
      "17",
      "18",
      "19",
      "20",
      "21",
      "22",
      "23",
      "24",
      "25",
      "26",
      "27",
      "28",
      "29",
      "30",
      "31",
      "32",
      "33",
      "34",
      "35",
      "36",
      "37",
      "38",
      "39",
      "40",
      "41",
      "42",
      "43",
      "44",
      "45",
      "46",
      "47",
      "48",
      "49",
      "50",
      "51",
      "52",
      "53",
      "54",
      "55",
      "56",
      "57",
      "58",
      "59",
      "60",
      "61",
      "62",
      "63",
      "64",
      "65",
      "66",
      "67",
      "68",
      "69",
      "70",
      "71",
      "72",
      "73",
      "74",
      "75",
      "76",
      "77",
      "78",
      "79",
      "80",
      "81"
    ]
  ],
  "rewards": {
      "function": "newbingo:check/check1"
  }
}
