{
  "display": {
    "icon": {
      "item": "minecraft:barrier"
    },
    "title": {
      "translate": ""
    },
    "description": {
      "translate": ""
    },
    "frame": "task",
    "show_toast": false,
    "announce_to_chat": false,
    "hidden": true
  },
  "criteria": {
    "1": {
      "trigger": "minecraft:inventory_changed",
      "conditions": {
        "items": [
          {
            "item": "minecraft:enchanted_golden_apple"
          }
        ]
      }
    },
    "2": {
      "trigger": "minecraft:inventory_changed",
      "conditions": {
        "items": [
          {
            "item": "minecraft:sticky_piston"
          }
        ]
      }
    },
    "3": {
      "trigger": "minecraft:inventory_changed",
      "conditions": {
        "items": [
          {
            "item": "minecraft:enchanting_table"
          }
        ]
      }
    },
    "4": {
      "trigger": "minecraft:inventory_changed",
      "conditions": {
        "items": [
          {
            "item": "minecraft:totem_of_undying"
          }
        ]
      }
    },
    "5": {
      "trigger": "minecraft:inventory_changed",
      "conditions": {
        "items": [
          {
            "item": "minecraft:conduit"
          }
        ]
      }
    },
    "6": {
      "trigger": "minecraft:inventory_changed",
      "conditions": {
        "items": [
          {
            "item": "minecraft:scute"
          }
        ]
      }
    },
    "7": {
      "trigger": "minecraft:inventory_changed",
      "conditions": {
        "items": [
          {
            "item": "minecraft:diamond_horse_armor"
          }
        ]
      }
    },
    "8": {
      "trigger": "minecraft:inventory_changed",
      "conditions": {
        "items": [
          {
            "item": "minecraft:diamond_helmet"
          }
        ]
      }
    },
    "9": {
      "trigger": "minecraft:inventory_changed",
      "conditions": {
        "items": [
          {
            "item": "minecraft:diamond_chestplate"
          }
        ]
      }
    },
    "10": {
      "trigger": "minecraft:inventory_changed",
      "conditions": {
        "items": [
          {
            "item": "minecraft:diamond_leggings"
          }
        ]
      }
    },
    "11": {
      "trigger": "minecraft:inventory_changed",
      "conditions": {
        "items": [
          {
            "item": "minecraft:diamond_boots"
          }
        ]
      }
    },
    "12": {
      "trigger": "minecraft:inventory_changed",
      "conditions": {
        "items": [
          {
            "item": "minecraft:phantom_membrane"
          }
        ]
      }
    },
    "13": {
      "trigger": "minecraft:inventory_changed",
      "conditions": {
        "items": [
          {
            "item": "minecraft:honey_block"
          }
        ]
      }
    },
    "14": {
      "trigger": "minecraft:inventory_changed",
      "conditions": {
        "items": [
          {
            "item": "minecraft:respawn_anchor"
          }
        ]
      }
    },
    "15": {
      "trigger": "minecraft:inventory_changed",
      "conditions": {
        "items": [
          {
            "item": "minecraft:netherite_scrap"
          }
        ]
      }
    },
    "16": {
      "trigger": "minecraft:inventory_changed",
      "conditions": {
        "items": [
          {
            "item": "minecraft:lodestone"
          }
        ]
      }
    },
    "17": {
      "trigger": "minecraft:inventory_changed",
      "conditions": {
        "items": [
          {
            "item": "minecraft:elytra"
          }
        ]
      }
    },
    "18": {
      "trigger": "minecraft:inventory_changed",
      "conditions": {
        "items": [
          {
            "item": "minecraft:shulker_box"
          }
        ]
      }
    },
    "19": {
      "trigger": "minecraft:inventory_changed",
      "conditions": {
        "items": [
          {
            "item": "minecraft:dragon_head"
          }
        ]
      }
    }
  },
  "requirements": [
    [
      "1",
      "2",
      "3",
      "4",
      "5",
      "6",
      "7",
      "8",
      "9",
      "10",
      "11",
      "12",
      "13",
      "14",
      "15",
      "16",
      "17",
      "18",
      "19"
    ]
  ],
  "rewards": {
      "function": "newbingo:check/check10"
  }
}
